{"episode_reward_max": 121.0, "episode_reward_min": 8.0, "episode_reward_mean": 28.076923076923077, "episode_len_mean": 28.076923076923077, "episode_media": {}, "episodes_this_iter": 143, "policy_reward_min": {}, "policy_reward_max": {}, "policy_reward_mean": {}, "custom_metrics": {}, "hist_stats": {"episode_reward": [19.0, 33.0, 12.0, 16.0, 10.0, 21.0, 22.0, 23.0, 29.0, 27.0, 34.0, 32.0, 21.0, 19.0, 20.0, 16.0, 17.0, 18.0, 33.0, 18.0, 22.0, 10.0, 13.0, 15.0, 28.0, 12.0, 15.0, 34.0, 24.0, 8.0, 18.0, 24.0, 35.0, 18.0, 22.0, 14.0, 14.0, 20.0, 26.0, 21.0, 14.0, 11.0, 60.0, 41.0, 15.0, 17.0, 12.0, 69.0, 20.0, 24.0, 16.0, 23.0, 17.0, 19.0, 42.0, 39.0, 31.0, 29.0, 17.0, 15.0, 50.0, 19.0, 48.0, 39.0, 44.0, 32.0, 21.0, 68.0, 57.0, 17.0, 81.0, 26.0, 37.0, 33.0, 50.0, 59.0, 24.0, 19.0, 23.0, 17.0, 66.0, 36.0, 30.0, 36.0, 29.0, 18.0, 17.0, 12.0, 25.0, 47.0, 14.0, 50.0, 29.0, 17.0, 48.0, 18.0, 16.0, 17.0, 19.0, 121.0, 32.0, 27.0, 45.0, 18.0, 19.0, 41.0, 26.0, 22.0, 16.0, 31.0, 24.0, 17.0, 13.0, 11.0, 21.0, 22.0, 62.0, 33.0, 59.0, 49.0, 42.0, 35.0, 13.0, 20.0, 14.0, 20.0, 43.0, 16.0, 13.0, 17.0, 34.0, 27.0, 48.0, 35.0, 55.0, 15.0, 13.0, 32.0, 14.0, 28.0, 17.0, 66.0, 17.0], "episode_lengths": [19, 33, 12, 16, 10, 21, 22, 23, 29, 27, 34, 32, 21, 19, 20, 16, 17, 18, 33, 18, 22, 10, 13, 15, 28, 12, 15, 34, 24, 8, 18, 24, 35, 18, 22, 14, 14, 20, 26, 21, 14, 11, 60, 41, 15, 17, 12, 69, 20, 24, 16, 23, 17, 19, 42, 39, 31, 29, 17, 15, 50, 19, 48, 39, 44, 32, 21, 68, 57, 17, 81, 26, 37, 33, 50, 59, 24, 19, 23, 17, 66, 36, 30, 36, 29, 18, 17, 12, 25, 47, 14, 50, 29, 17, 48, 18, 16, 17, 19, 121, 32, 27, 45, 18, 19, 41, 26, 22, 16, 31, 24, 17, 13, 11, 21, 22, 62, 33, 59, 49, 42, 35, 13, 20, 14, 20, 43, 16, 13, 17, 34, 27, 48, 35, 55, 15, 13, 32, 14, 28, 17, 66, 17]}, "sampler_perf": {"mean_raw_obs_processing_ms": 6.172808908647105, "mean_inference_ms": 1.3879053054317347, "mean_action_processing_ms": 0.41366046474825946, "mean_env_wait_ms": 0.4236948105596727, "mean_env_render_ms": 0.0}, "num_faulty_episodes": 0, "num_healthy_workers": 4, "timesteps_total": 8021, "timesteps_this_iter": 32000, "agent_timesteps_total": 0, "timers": {}, "info": {"learner": {"default_policy": {"learner_stats": {"allreduce_latency": 0.0, "cur_kl_coeff": [6.25e-12, 6.25e-12, 1.25e-11, 6.25e-12], "cur_lr": 0.001, "total_loss": 36.66497802734375, "policy_loss": 0.0003333072236273438, "vf_loss": 73.33062744140625, "kl_loss": 0.001874839887022972, "inner_kl": [0.0018500173464417458, 0.001765616936609149, 0.0019031858537346125, 0.0020096662919968367], "entropy": 0.4466087222099304}, "model": {}, "custom_metrics": {}, "num_agent_steps_trained": 32000}}, "num_steps_trained_this_iter": 32000, "num_steps_trained": 480000, "num_steps_sampled": 8021}, "MAMLIter0_DynaTrajInner_0_episode_reward_mean": 20.05, "MAMLIter0_DynaTrajInner_0_episode_reward_min": 7.0, "MAMLIter0_DynaTrajInner_0_episode_reward_max": 57.0, "MAMLIter0_DynaTrajInner_1_episode_reward_mean": 22.3875, "MAMLIter0_DynaTrajInner_1_episode_reward_min": 8.0, "MAMLIter0_DynaTrajInner_1_episode_reward_max": 82.0, "MAMLIter1_DynaTrajInner_0_episode_reward_mean": 23.3625, "MAMLIter1_DynaTrajInner_0_episode_reward_min": 9.0, "MAMLIter1_DynaTrajInner_0_episode_reward_max": 73.0, "MAMLIter1_DynaTrajInner_1_episode_reward_mean": 24.375, "MAMLIter1_DynaTrajInner_1_episode_reward_min": 8.0, "MAMLIter1_DynaTrajInner_1_episode_reward_max": 87.0, "MAMLIter2_DynaTrajInner_0_episode_reward_mean": 25.2, "MAMLIter2_DynaTrajInner_0_episode_reward_min": 7.0, "MAMLIter2_DynaTrajInner_0_episode_reward_max": 78.0, "MAMLIter2_DynaTrajInner_1_episode_reward_mean": 27.5625, "MAMLIter2_DynaTrajInner_1_episode_reward_min": 8.0, "MAMLIter2_DynaTrajInner_1_episode_reward_max": 78.0, "MAMLIter3_DynaTrajInner_0_episode_reward_mean": 28.1625, "MAMLIter3_DynaTrajInner_0_episode_reward_min": 9.0, "MAMLIter3_DynaTrajInner_0_episode_reward_max": 79.0, "MAMLIter3_DynaTrajInner_1_episode_reward_mean": 27.4125, "MAMLIter3_DynaTrajInner_1_episode_reward_min": 9.0, "MAMLIter3_DynaTrajInner_1_episode_reward_max": 108.0, "MAMLIter4_DynaTrajInner_0_episode_reward_mean": 35.3875, "MAMLIter4_DynaTrajInner_0_episode_reward_min": 11.0, "MAMLIter4_DynaTrajInner_0_episode_reward_max": 82.0, "MAMLIter4_DynaTrajInner_1_episode_reward_mean": 27.7875, "MAMLIter4_DynaTrajInner_1_episode_reward_min": 8.0, "MAMLIter4_DynaTrajInner_1_episode_reward_max": 82.0, "MAMLIter5_DynaTrajInner_0_episode_reward_mean": 33.675, "MAMLIter5_DynaTrajInner_0_episode_reward_min": 9.0, "MAMLIter5_DynaTrajInner_0_episode_reward_max": 156.0, "MAMLIter5_DynaTrajInner_1_episode_reward_mean": 29.375, "MAMLIter5_DynaTrajInner_1_episode_reward_min": 10.0, "MAMLIter5_DynaTrajInner_1_episode_reward_max": 118.0, "MAMLIter6_DynaTrajInner_0_episode_reward_mean": 34.7625, "MAMLIter6_DynaTrajInner_0_episode_reward_min": 9.0, "MAMLIter6_DynaTrajInner_0_episode_reward_max": 140.0, "MAMLIter6_DynaTrajInner_1_episode_reward_mean": 36.5625, "MAMLIter6_DynaTrajInner_1_episode_reward_min": 8.0, "MAMLIter6_DynaTrajInner_1_episode_reward_max": 137.0, "MAMLIter7_DynaTrajInner_0_episode_reward_mean": 35.575, "MAMLIter7_DynaTrajInner_0_episode_reward_min": 10.0, "MAMLIter7_DynaTrajInner_0_episode_reward_max": 114.0, "MAMLIter7_DynaTrajInner_1_episode_reward_mean": 36.6125, "MAMLIter7_DynaTrajInner_1_episode_reward_min": 9.0, "MAMLIter7_DynaTrajInner_1_episode_reward_max": 127.0, "MAMLIter8_DynaTrajInner_0_episode_reward_mean": 31.325, "MAMLIter8_DynaTrajInner_0_episode_reward_min": 8.0, "MAMLIter8_DynaTrajInner_0_episode_reward_max": 134.0, "MAMLIter8_DynaTrajInner_1_episode_reward_mean": 36.15, "MAMLIter8_DynaTrajInner_1_episode_reward_min": 8.0, "MAMLIter8_DynaTrajInner_1_episode_reward_max": 95.0, "MAMLIter9_DynaTrajInner_0_episode_reward_mean": 34.725, "MAMLIter9_DynaTrajInner_0_episode_reward_min": 8.0, "MAMLIter9_DynaTrajInner_0_episode_reward_max": 106.0, "MAMLIter9_DynaTrajInner_1_episode_reward_mean": 32.8625, "MAMLIter9_DynaTrajInner_1_episode_reward_min": 11.0, "MAMLIter9_DynaTrajInner_1_episode_reward_max": 154.0, "MAMLIter10_DynaTrajInner_0_episode_reward_mean": 31.6875, "MAMLIter10_DynaTrajInner_0_episode_reward_min": 9.0, "MAMLIter10_DynaTrajInner_0_episode_reward_max": 94.0, "MAMLIter10_DynaTrajInner_1_episode_reward_mean": 32.2375, "MAMLIter10_DynaTrajInner_1_episode_reward_min": 9.0, "MAMLIter10_DynaTrajInner_1_episode_reward_max": 74.0, "MAMLIter11_DynaTrajInner_0_episode_reward_mean": 29.5, "MAMLIter11_DynaTrajInner_0_episode_reward_min": 10.0, "MAMLIter11_DynaTrajInner_0_episode_reward_max": 113.0, "MAMLIter11_DynaTrajInner_1_episode_reward_mean": 39.375, "MAMLIter11_DynaTrajInner_1_episode_reward_min": 10.0, "MAMLIter11_DynaTrajInner_1_episode_reward_max": 135.0, "MAMLIter12_DynaTrajInner_0_episode_reward_mean": 34.1625, "MAMLIter12_DynaTrajInner_0_episode_reward_min": 9.0, "MAMLIter12_DynaTrajInner_0_episode_reward_max": 93.0, "MAMLIter12_DynaTrajInner_1_episode_reward_mean": 32.6375, "MAMLIter12_DynaTrajInner_1_episode_reward_min": 10.0, "MAMLIter12_DynaTrajInner_1_episode_reward_max": 91.0, "MAMLIter13_DynaTrajInner_0_episode_reward_mean": 38.7, "MAMLIter13_DynaTrajInner_0_episode_reward_min": 10.0, "MAMLIter13_DynaTrajInner_0_episode_reward_max": 135.0, "MAMLIter13_DynaTrajInner_1_episode_reward_mean": 36.9375, "MAMLIter13_DynaTrajInner_1_episode_reward_min": 8.0, "MAMLIter13_DynaTrajInner_1_episode_reward_max": 100.0, "MAMLIter14_DynaTrajInner_0_episode_reward_mean": 37.475, "MAMLIter14_DynaTrajInner_0_episode_reward_min": 12.0, "MAMLIter14_DynaTrajInner_0_episode_reward_max": 141.0, "MAMLIter14_DynaTrajInner_1_episode_reward_mean": 41.6, "MAMLIter14_DynaTrajInner_1_episode_reward_min": 10.0, "MAMLIter14_DynaTrajInner_1_episode_reward_max": 171.0, "num_recreated_workers": 0, "done": false, "episodes_total": 143, "training_iteration": 1, "trial_id": "9ab5b_00000", "experiment_id": "775ef261926f4af6a46685a52e52b9d6", "date": "2022-08-20_13-12-50", "timestamp": 1660981370, "time_this_iter_s": 206.82311630249023,